,Name,Gender
0,آدم,Male
1,آسر,Male
2,أبد,Male
3,أبدع,Male
4,أبره,Male
5,أبسل,Male
6,أبسم,Male
7,أبشر,Male
8,أبلج,Male
9,أبي,Male
10,أجاد,Male
11,أجزل,Male
12,أجمل,Male
13,أجوب,Male
14,أجود,Male
15,أحسب,Male
16,أحسن,Male
17,أحشم,Male
18,أحمد,Male
19,أحيد,Male
20,أخزم,Male
21,أخير,Male
22,أخيل,Male
23,أُدد,Male
24,أدرد,Male
25,أدرم,Male
26,أدغم,Male
27,أدلم,Male
28,أدهم,Male
29,أديب,Male
30,أربد,Male
31,أرجح,Male
32,أرجوان,Male
33,أرحب,Male
34,أرحم,Male
35,أرسلان,Male
36,أرشد,Male
37,أرغد,Male
38,أرقم,Male
39,أركان,Male
40,أريج,Male
41,أزهد,Male
42,أزهر,Male
43,أسامة,Male
44,أسد,Male
45,أسعد,Male
46,أسلع,Male
47,أسلم,Male
48,أسمح,Male
49,أسهم,Male
50,أسيد,Male
51,أشرف,Male
52,أشهم,Male
53,أصلان,Male
54,أعز,Male
55,أغلب,Male
56,أفخر,Male
57,أفخم,Male
58,أفصح,Male
59,أفضل,Male
60,أفقه,Male
61,أكثم,Male
62,أكرم,Male
63,أكمل,Male
64,ألمع,Male
65,ألمعي,Male
66,أليف,Male
67,أماثل,Male
68,أمجد,Male
69,أمية,Male
70,أمير,Male
71,أمين,Male
72,أنجب,Male
73,أنجح,Male
74,أنس,Male
75,أنف,Male
76,أنوار,Male
77,أنور,Male
78,أنوس,Male
79,أنيس,Male
80,أهيف,Male
81,أهيم,Male
82,أوس,Male
83,أويس,Male
84,أيهم,Male
85,أيوب,Male
86,إبراهيم,Male
87,إحسان,Male
88,إدام,Male
89,إدريس,Male
90,إسحاق,Male
91,إسماعيل,Male
92,إعجاز,Male
93,إكليل,Male
94,إلفي,Male
95,إلياس,Male
96,إمام,Male
97,إياس,Male
98,إيمان,Male
99,إيهاب,Male
100,ابد,Male
101,ابدع,Male
102,ابراهيم,Male
103,ابره,Male
104,ابسل,Male
105,ابسم,Male
106,ابشر,Male
107,ابلج,Male
108,ابي,Male
109,اجاد,Male
110,اجزل,Male
111,اجمل,Male
112,اجوب,Male
113,اجود,Male
114,احسان,Male
115,احسب,Male
116,احسن,Male
117,احشم,Male
118,احمد,Male
119,احيد,Male
120,اخزم,Male
121,اخير,Male
122,اخيل,Male
123,ادام,Male
124,اُدد,Male
125,ادرد,Male
126,ادرم,Male
127,ادريس,Male
128,ادغم,Male
129,ادلم,Male
130,ادم,Male
131,ادهم,Male
132,اديب,Male
133,اربد,Male
134,ارجح,Male
135,ارجوان,Male
136,ارحب,Male
137,ارحم,Male
138,ارسلان,Male
139,ارشد,Male
140,ارغد,Male
141,ارقم,Male
142,اركان,Male
143,اريج,Male
144,ازهد,Male
145,ازهر,Male
146,اسامة,Male
147,اسحاق,Male
148,اسد,Male
149,اسر,Male
150,اسعد,Male
151,اسلع,Male
152,اسلم,Male
153,اسماعيل,Male
154,اسمح,Male
155,اسهم,Male
156,اسيد,Male
157,اشرف,Male
158,اشهم,Male
159,اصلان,Male
160,اعجاز,Male
161,اعز,Male
162,اغلب,Male
163,افخر,Male
164,افخم,Male
165,افصح,Male
166,افضل,Male
167,افقه,Male
168,افكه,Male
169,افكه,Male
170,اكثم,Male
171,اكرم,Male
172,اكليل,Male
173,اكمل,Male
174,الفي,Male
175,المع,Male
176,المعي,Male
177,الياس,Male
178,اليف,Male
179,اماثل,Male
180,امام,Male
181,امجد,Male
182,امية,Male
183,امير,Male
184,امين,Male
185,انجب,Male
186,انجح,Male
187,انس,Male
188,انف,Male
189,انوار,Male
190,انور,Male
191,انوس,Male
192,انيس,Male
193,اهيف,Male
194,اهيم,Male
195,اوس,Male
196,اويس,Male
197,اياس,Male
198,ايمان,Male
199,ايهاب,Male
200,ايهم,Male
201,ايوب,Male
202,بادي,Male
203,باذخ,Male
204,بارح,Male
205,بارع,Male
206,بارق,Male
207,باسق,Male
208,باسل,Male
209,باسم,Male
210,باشر,Male
211,باشق,Male
212,باقر,Male
213,باقي,Male
214,باكر,Male
215,باهر,Male
216,باهي,Male
217,بُحتري,Male
218,بحر,Male
219,بحري,Male
220,بُحير,Male
221,بُحيرا,Male
222,بدر,Male
223,بدران,Male
224,بدري,Male
225,بدوي,Male
226,بدير,Male
227,بديل,Male
228,براء,Male
229,بّراق,Male
230,بُرد,Male
231,بركات,Male
232,برهان,Male
233,بريء,Male
234,بزاز,Male
235,بسام,Male
236,بُسر,Male
237,بسطام,Male
238,بسمان,Male
239,بسيط,Male
240,بسيم,Male
241,بشار,Male
242,بشارة,Male
243,بشاش,Male
244,بشر,Male
245,بشوش,Male
246,بشير,Male
247,بصير,Male
248,بطاح,Male
249,بكار,Male
250,بكر,Male
251,بكري,Male
252,بلال,Male
253,بلبل,Male
254,بلسم,Male
255,بلقان,Male
256,بليغ,Male
257,بنان,Male
258,بندر,Male
259,بهاء,Male
260,بهائي,Male
261,بهلول,Male
262,بهي,Male
263,بهيج,Male
264,تائب,Male
265,تابع,Male
266,تاج,Male
267,تاجي,Male
268,تالد,Male
269,تامر,Male
270,تبع,Male
271,تحسين,Male
272,تحفة,Male
273,تركي,Male
274,تغلب,Male
275,تقي,Male
276,تلال,Male
277,تليد,Male
278,تمام,Male
279,تميم,Male
280,تهامي,Male
281,توبة,Male
282,توقيق,Male
283,تيسير,Male
284,تيمور,Male
285,ثائر,Male
286,ثابت,Male
287,ثاني,Male
288,ثري,Male
289,ثقيف,Male
290,ثمود,Male
291,ثمين,Male
292,ثوّاب,Male
293,ثوابالله,Male
294,جائر,Male
295,جارم,Male
296,جازم,Male
297,جاسر,Male
298,جاسم,Male
299,جامع,Male
300,جاهد,Male
301,جاويد,Male
302,جبري,Male
303,جبل,Male
304,جبير,Male
305,جدول,Male
306,جدير,Male
307,جرهم,Male
308,جروان,Male
309,جرير,Male
310,جعفر,Male
311,جلا,Male
312,جلال,Male
313,جلوان,Male
314,جليس,Male
315,جليل,Male
316,جمال,Male
317,جمال,Male
318,جمعة,Male
319,جموح,Male
320,جميل,Male
321,جناد,Male
322,جندب,Male
323,جنيد,Male
324,جهاد,Male
325,حائم,Male
326,حاتم,Male
327,حادر,Male
328,حاذق,Male
329,حارث,Male
330,حارث,Male
331,حارثة,Male
332,حارثة,Male
333,حارس,Male
334,حازر,Male
335,حازر,Male
336,حازم,Male
337,حازم,Male
338,حاسب,Male
339,حاسم,Male
340,حاشد,Male
341,حاطب,Male
342,حافظ,Male
343,حافل,Male
344,حاكم,Male
345,حام,Male
346,حامد,Male
347,حامز,Male
348,حباب,Male
349,حبان,Male
350,حبيب,Male
351,حبيش,Male
352,حجاج,Male
353,حديج,Male
354,حديد,Male
355,حدير,Male
356,حذيفة,Male
357,حرملة,Male
358,حريث,Male
359,حريز,Male
360,حزام,Male
361,حزم,Male
362,حسام,Male
363,حسان,Male
364,حسني,Male
365,حسيب,Male
366,حشيم,Male
367,حصني,Male
368,حصين,Male
369,حضور,Male
370,حفي,Male
371,حفيد,Male
372,حقي,Male
373,حقيقي,Male
374,حكم,Male
375,حكمة,Male
376,حلال,Male
377,حليل,Male
378,حماد,Male
379,حمال,Male
380,حمدون,Male
381,حمزة,Male
382,حمودة,Male
383,حميدو,Male
384,حنيف,Male
385,حوريث,Male
386,حياتي,Male
387,حيدر,Male
388,خاتم,Male
389,خادر,Male
390,خارجة,Male
391,خازم,Male
392,خازن,Male
393,خاشع,Male
394,خاطب,Male
395,خاطر,Male
396,خاطر,Male
397,خافق,Male
398,خالد,Male
399,خالص,Male
400,خباب,Male
401,خبير,Male
402,خديج,Male
403,خريم,Male
404,خزاعي,Male
405,خزام,Male
406,خصي,Male
407,خضر,Male
408,خضير,Male
409,خطاب,Male
410,خطار,Male
411,خطير,Male
412,خفاجة,Male
413,خفير,Male
414,خفيف,Male
415,خلاد,Male
416,خلدون,Male
417,خلف,Male
418,خلوصي,Male
419,خلوق,Male
420,خليفة,Male
421,خليل,Male
422,خمير,Male
423,خميس,Male
424,خويلد,Male
425,خيالي,Male
426,خيثم,Male
427,خير,Male
428,خيري,Male
429,دؤوب,Male
430,دائب,Male
431,دائم,Male
432,دارج,Male
433,دارع,Male
434,داري,Male
435,داغر,Male
436,دامث,Male
437,دامس,Male
438,داني,Male
439,دانيال,Male
440,داهش,Male
441,داهي,Male
442,داوود,Male
443,دباح,Male
444,دحام,Male
445,دحلان,Male
446,دحية,Male
447,دحيم,Male
448,در,Male
449,درار,Male
450,دراك,Male
451,درباس,Male
452,درع,Male
453,درغام,Male
454,درويش,Male
455,دري,Male
456,دريب,Male
457,دريد,Male
458,درير,Male
459,دعاس,Male
460,دعيج,Male
461,دفاع,Male
462,دفاع,Male
463,دلامة,Male
464,دلف,Male
465,دلوف,Male
466,دليف,Male
467,دليل,Male
468,دهمان,Male
469,دهير,Male
470,دهيم,Male
471,دوسر,Male
472,دياب,Male
473,ديان,Male
474,ديب,Male
475,ديسق,Male
476,ذؤيب,Male
477,ذائد,Male
478,ذائق,Male
479,ذاتي,Male
480,ذاخر,Male
481,ذروة,Male
482,ذكوان,Male
483,ذكي,Male
484,ذليق,Male
485,ذمام,Male
486,ذمة,Male
487,ذمر,Male
488,ذهل,Male
489,ذهني,Male
490,ذهيل,Male
491,ذهين,Male
492,ذوالفقار,Male
493,ذيبان,Male
494,رؤوف,Male
495,رؤوف,Male
496,رئال,Male
497,رئبال,Male
498,رئيف,Male
499,رئيف,Male
500,رائب,Male
501,رائد,Male
502,رائع,Male
503,رائف,Male
504,رائف,Male
505,رائق,Male
506,رابح,Male
507,رابي,Male
508,راتب,Male
509,راتق,Male
510,راثد,Male
511,راجح,Male
512,راجي,Male
513,راحب,Male
514,راحم,Male
515,رادس,Male
516,رادع,Male
517,رادن,Male
518,رازح,Male
519,رازم,Male
520,راسخ,Male
521,راسم,Male
522,راشد,Male
523,راضي,Male
524,راعي,Male
525,راغب,Male
526,راغد,Male
527,رافة,Male
528,رافد,Male
529,رافغ,Male
530,رافي,Male
531,راقب,Male
532,راقم,Male
533,راكد,Male
534,راكز,Male
535,راكن,Male
536,رامح,Male
537,رامش,Male
538,رامق,Male
539,رامي,Male
540,راني,Male
541,راهف,Male
542,راهي,Male
543,راية,Male
544,رايج,Male
545,رباح,Male
546,ربان,Male
547,ربحي,Male
548,ربعة,Male
549,ربيح,Male
550,ربيز,Male
551,ربيع,Male
552,ربيعة,Male
553,رتيب,Male
554,رتيم,Male
555,رجائي,Male
556,رجب,Male
557,رجوان,Male
558,رجيح,Male
559,رحال,Male
560,رحيل,Male
561,رخيم,Male
562,ردمان,Male
563,رديف,Male
564,ردين,Male
565,رزام,Male
566,رزان,Male
567,رزيح,Male
568,رزيم,Male
569,رستم,Male
570,رسمي,Male
571,رسول,Male
572,رسيم,Male
573,رشاد,Male
574,رشادي,Male
575,رشد,Male
576,رشيد,Male
577,رشيف,Male
578,رشيق,Male
579,رصين,Male
580,رضا,Male
581,رضائي,Male
582,رضوان,Male
583,رضى,Male
584,رغاب,Male
585,رغدان,Male
586,رغيد,Male
587,رفا,Male
588,رفاعة,Male
589,رفاعي,Male
590,رفعت,Male
591,رفقي,Male
592,رفيد,Male
593,رفيع,Male
594,رفيق,Male
595,رقيق,Male
596,رقيم,Male
597,ركان,Male
598,ركن,Male
599,ركين,Male
600,رماح,Male
601,رمحي,Male
602,رمزي,Male
603,رمضان,Male
604,رميح,Male
605,رميز,Male
606,رنيم,Male
607,رهان,Male
608,رهيب,Male
609,رهيد,Male
610,رهيف,Male
611,رهيم,Male
612,روح,Male
613,روحان,Male
614,رونق,Male
615,رياح,Male
616,ريادة,Male
617,رياض,Male
618,ريان,Male
619,ريس,Male
620,ريم,Male
621,زاجر,Male
622,زاجل,Male
623,زاخر,Male
624,زافر,Male
625,زاكي,Male
626,زاهد,Male
627,زاهر,Male
628,زاهل,Male
629,زاهي,Male
630,زايد,Male
631,زبير,Male
632,زجاج,Male
633,زجار,Male
634,زخر,Male
635,زخران,Male
636,زخرف,Male
637,زخري,Male
638,زعزع,Male
639,زعلول,Male
640,زعيم,Male
641,زفاف,Male
642,زفان,Male
643,زفر,Male
644,زكائي,Male
645,زكريا,Male
646,زكنون,Male
647,زكوان,Male
648,زكين,Male
649,زناد,Male
650,زنام,Male
651,زند,Male
652,زنكي,Male
653,زنيم,Male
654,زهد,Male
655,زهدي,Male
656,زهر,Male
657,زهران,Male
658,زهري,Male
659,زهوان,Male
660,زهي,Male
661,زهيد,Male
662,زهير,Male
663,زوار,Male
664,زوبعة,Male
665,زياد,Male
666,زيان,Male
667,زيد,Male
668,زيدان,Male
669,زيدوان,Male
670,زيدي,Male
671,زين,Male
672,زينالعابدين,Male
673,سائب,Male
674,سائد,Male
675,سائر,Male
676,سابغ,Male
677,سابق,Male
678,ساتر,Male
679,ساجع,Male
680,ساجي,Male
681,ساحق,Male
682,سادح,Male
683,سادن,Male
684,سارح,Male
685,ساري,Male
686,سارية,Male
687,ساطع,Male
688,ساعدة,Male
689,ساقي,Male
690,سالم,Male
691,سام,Male
692,سامد,Male
693,سامر,Male
694,سامع,Male
695,سامل,Male
696,ساهر,Male
697,ساهي,Male
698,سباء,Male
699,سباق,Male
700,سبع,Male
701,سبيع,Male
702,سجي,Male
703,سجيح,Male
704,سجيع,Male
705,سجيل,Male
706,سحمان,Male
707,سحيم,Male
708,سخاء,Male
709,سخائي,Male
710,سخي,Male
711,سَدّاد,Male
712,سِدَاد,Male
713,سديد,Male
714,سدير,Male
715,سديف,Male
716,سديل,Male
717,سديم,Male
718,سراج,Male
719,سرحان,Male
720,سرمد,Male
721,سرور,Male
722,سُرَّي,Male
723,سرياح,Male
724,سريع,Male
725,سَطَّام,Male
726,سِطَّام,Male
727,سطوة,Male
728,سطيح,Male
729,سعد,Male
730,سعدالله,Male
731,سعدو,Male
732,سعدون,Male
733,سعدي,Male
734,سعفة,Male
735,سعود,Male
736,سعيد,Male
737,سفدان,Male
738,سفدان,Male
739,سفدان,Male
740,سفيان,Male
741,سفيان,Male
742,سفيان,Male
743,سفيد,Male
744,سفيد,Male
745,سفيد,Male
746,سفيع,Male
747,سفينة,Male
748,سكرية,Male
749,سكرية,Male
750,سلاف,Male
751,سلام,Male
752,سلام,Male
753,سلامة,Male
754,سلامي,Male
755,سلطان,Male
756,سلفة,Male
757,سلم,Male
758,سلمان,Male
759,سلمة,Male
760,سليك,Male
761,سليمان,Male
762,سماح,Male
763,سمعان,Male
764,سموح,Male
765,سمير,Male
766,سنبل,Male
767,سني,Male
768,سهران,Male
769,سهل,Male
770,سهلان,Male
771,سهيل,Male
772,سوار,Male
773,سوسان,Male
774,سويد,Male
775,سيار,Male
776,سيد,Male
777,سيران,Male
778,سيف,Male
779,شادن,Male
780,شادي,Male
781,شارح,Male
782,شارد,Male
783,شاطر,Male
784,شافع,Male
785,شافعي,Male
786,شافي,Male
787,شاكر,Male
788,شامخ,Male
789,شامل,Male
790,شاهب,Male
791,شاهد,Male
792,شاهر,Male
793,شاهق,Male
794,شاهي,Male
795,شاهين,Male
796,شاور,Male
797,شبابة,Male
798,شبام,Male
799,شبعان,Male
800,شبل,Male
801,شبلي,Male
802,شبيب,Male
803,شتيوي,Male
804,شجاع,Male
805,شجيع,Male
806,شجيع,Male
807,شداد,Male
808,شديد,Male
809,شراع,Male
810,شرحبيل,Male
811,شرف,Male
812,شريح,Male
813,شريد,Male
814,شريف,Male
815,شعار,Male
816,شعاع,Male
817,شعبان,Male
818,شعبة,Male
819,شعل,Male
820,شعلة,Male
821,شعيب,Male
822,شفوق,Male
823,شفيع,Male
824,شفيق,Male
825,شقران,Male
826,شقيق,Male
827,شكران,Male
828,شكري,Male
829,شكور,Male
830,شكيب,Male
831,شكيم,Male
832,شلال,Male
833,شماخ,Male
834,شماس,Male
835,شمدين,Male
836,شمروخ,Male
837,شمرول,Male
838,شمس,Male
839,شمسي,Male
840,شمعة,Male
841,شموخ,Male
842,شمول,Male
843,شميل,Male
844,شهاب,Male
845,شهامة,Male
846,شهد,Male
847,شهدان,Male
848,شهدي,Male
849,شهرور,Male
850,شهل,Male
851,شهم,Male
852,شهوان,Male
853,شهيد,Male
854,شهير,Male
855,شهيم,Male
856,شوقي,Male
857,شوكة,Male
858,شيبان,Male
859,شيحان,Male
860,شيخان,Male
861,صائب,Male
862,صائم,Male
863,صائن,Male
864,صابر,Male
865,صاحب,Male
866,صاحي,Male
867,صادح,Male
868,صادع,Male
869,صادق,Male
870,صارد,Male
871,صارم,Male
872,صاعد,Male
873,صافي,Male
874,صالح,Male
875,صامد,Male
876,صبا,Male
877,صباح,Male
878,صباحي,Male
879,صبري,Male
880,صبوح,Male
881,صبور,Male
882,صبيح,Male
883,صحار,Male
884,صخر,Male
885,صداح,Male
886,صدام,Male
887,صدقي,Male
888,صدوح,Male
889,صدوق,Male
890,صديق,Male
891,صراح,Male
892,صريح,Male
893,صعب,Male
894,صعود,Male
895,صفا,Male
896,صفائي,Male
897,صفوان,Male
898,صفوة,Male
899,صفوح,Male
900,صفي,Male
901,صلاح,Male
902,صلحي,Male
903,صميم,Male
904,صنديد,Male
905,صنوان,Male
906,صهبان,Male
907,صهيب,Male
908,صواب,Male
909,صوابي,Male
910,صوان,Male
911,صولة,Male
912,صوى,Male
913,صويلح,Male
914,صياح,Male
915,صيدح,Male
916,ضاحك,Male
917,ضاحي,Male
918,ضارع,Male
919,ضاري,Male
920,ضامر,Male
921,ضامن,Male
922,ضاهر,Male
923,ضاوي,Male
924,ضبير,Male
925,ضحاك,Male
926,ضرار,Male
927,ضرغام,Male
928,ضياء,Male
929,ضياف,Male
930,ضيغم,Male
931,طائع,Male
932,طارق,Male
933,طالب,Male
934,طالع,Male
935,طامح,Male
936,طاهر,Male
937,طاووس,Male
938,طراد,Male
939,طرفة,Male
940,طروق,Male
941,طريف,Male
942,طفاح,Male
943,طفيف,Male
944,طفيل,Male
945,طلاب,Male
946,طلال,Male
947,طلبة,Male
948,طلحة,Male
949,طلق,Male
950,طموح,Male
951,طه,Male
952,طهور,Male
953,طهير,Male
954,طواف,Male
955,طيب,Male
956,ظافر,Male
957,ظالم,Male
958,ظاهر,Male
959,ظبيان,Male
960,ظريف,Male
961,ظفار,Male
962,ظفر,Male
963,ظفير,Male
964,ظلال,Male
965,ظلام,Male
966,ظلوم,Male
967,ظليل,Male
968,ظهور,Male
969,ظهير,Male
970,عائد,Male
971,عابد,Male
972,عابدين,Male
973,عابر,Male
974,عاتك,Male
975,عاجب,Male
976,عاجل,Male
977,عاد,Male
978,عادل,Male
979,عادن,Male
980,عادي,Male
981,عاذر,Male
982,عارف,Male
983,عارم,Male
984,عازم,Male
985,عاشر,Male
986,عاشق,Male
987,عاشور,Male
988,عاصف,Male
989,عاصم,Male
990,عاصي,Male
991,عاطر,Male
992,عاطف,Male
993,عافي,Male
994,عاقل,Male
995,عاكف,Male
996,عالم,Male
997,عالي,Male
998,عامر,Male
999,عامل,Male
1000,عاهد,Male
1001,عايد,Male
1002,عايش,Male
1003,عايق,Male
1004,عبد,Male
1005,عبدالبارئ,Male
1006,عبدالباسط,Male
1007,عبدالباقي,Male
1008,عبدالبديع,Male
1009,عبدالبصير,Male
1010,عبدالتواب,Male
1011,عبدالجبار,Male
1012,عبدالجليل,Male
1013,عبدالحسيب,Male
1014,عبدالحفيظ,Male
1015,عبدالحق,Male
1016,عبدالحكم,Male
1017,عبدالحكيم,Male
1018,عبدالحليم,Male
1019,عبدالحي,Male
1020,عبدالخالق,Male
1021,عبدالرافع,Male
1022,عبدالرحمن,Male
1023,عبدالرحيم,Male
1024,عبدالرزاق,Male
1025,عبدالسلام,Male
1026,عبدالسميع,Male
1027,عبدالشكور,Male
1028,عبدالصمد,Male
1029,عبدالعزيز,Male
1030,عبدالعظيم,Male
1031,عبدالعليم,Male
1032,عبدالغفار,Male
1033,عبدالغفور,Male
1034,عبدالغفور,Male
1035,عبدالفتاح,Male
1036,عبدالقابض,Male
1037,عبدالقادر,Male
1038,عبدالقدوس,Male
1039,عبدالقهار,Male
1040,عبدالكريم,Male
1041,عبداللطيف,Male
1042,عبدالله,Male
1043,عبدالماجد,Male
1044,عبدالمتكبر,Male
1045,عبدالمتين,Male
1046,عبدالمجيب,Male
1047,عبدالمجيد,Male
1048,عبدالمحيي,Male
1049,عبدالمعز,Male
1050,عبدالمقتدر,Male
1051,عبدالمقدم,Male
1052,عبدالملك,Male
1053,عبدالمهيمن,Male
1054,عبدالنور,Male
1055,عبدالهادي,Male
1056,عبدالواجد,Male
1057,عبدالواحد,Male
1058,عبدالوارث,Male
1059,عبدالوالي,Male
1060,عبدالودود,Male
1061,عبدالوهّاب,Male
1062,عتبة,Male
1063,عدي,Male
1064,عديل,Male
1065,عرابة,Male
1066,عرادة,Male
1067,عراف,Male
1068,عرفان,Male
1069,عرفة,Male
1070,عرندس,Male
1071,عروة,Male
1072,عريب,Male
1073,عرين,Male
1074,عز,Male
1075,عزاز,Male
1076,عزام,Male
1077,عزت,Male
1078,عزمي,Male
1079,عزيز,Male
1080,عساف,Male
1081,عسوب,Male
1082,عصام,Male
1083,عصفور,Male
1084,عطفي,Male
1085,عظيم,Male
1086,عفان,Male
1087,عفير,Male
1088,عفيف,Male
1089,عقبة,Male
1090,عقل,Male
1091,عقيل,Male
1092,عكاشة,Male
1093,عكنان,Male
1094,علاء,Male
1095,علامة,Male
1096,علم,Male
1097,علوان,Male
1098,عليان,Male
1099,عماد,Male
1100,عمار,Male
1101,عمارة,Male
1102,عمر,Male
1103,عمران,Male
1104,عميم,Male
1105,عنتر,Male
1106,عنترة,Male
1107,عنين,Male
1108,عهدي,Male
1109,عون,Male
1110,عياد,Male
1111,عياش,Male
1112,عيشي,Male
1113,غادي,Male
1114,غارس,Male
1115,غازي,Male
1116,غاسق,Male
1117,غافق,Male
1118,غالب,Male
1119,غالي,Male
1120,غامد,Male
1121,غامر,Male
1122,غانم,Male
1123,غاني,Male
1124,غاوي,Male
1125,غتوان,Male
1126,غدير,Male
1127,غراب,Male
1128,غراس,Male
1129,غرام,Male
1130,غريب,Male
1131,غريد,Male
1132,غريم,Male
1133,غزال,Male
1134,غزوان,Male
1135,غزير,Male
1136,غسان,Male
1137,غصاب,Male
1138,غصوب,Male
1139,غضنفر,Male
1140,غطفان,Male
1141,غفار,Male
1142,غلا,Male
1143,غلاب,Male
1144,غنوم,Male
1145,غنيم,Male
1146,غوار,Male
1147,غياث,Male
1148,غيهب,Male
1149,فؤاد,Male
1150,فائز,Male
1151,فائق,Male
1152,فاتح,Male
1153,فاتك,Male
1154,فاطن,Male
1155,فالح,Male
1156,فتحي,Male
1157,فجري,Male
1158,فخار,Male
1159,فخامة,Male
1160,فخري,Male
1161,فخور,Male
1162,فدائي,Male
1163,فدعان,Male
1164,فراس,Male
1165,فرج,Male
1166,فرحان,Male
1167,فرحون,Male
1168,فريد,Male
1169,فريز,Male
1170,فضل,Male
1171,فناح,Male
1172,فهد,Male
1173,فهم,Male
1174,فهمان,Male
1175,فهمي,Male
1176,فواز,Male
1177,فوزي,Male
1178,فياح,Male
1179,فياض,Male
1180,فيصل,Male
1181,فيض,Male
1182,فيضي,Male
1183,فيلق,Male
1184,قابس,Male
1185,قابل,Male
1186,قابوس,Male
1187,قادر,Male
1188,قادس,Male
1189,قادم,Male
1190,قارس,Male
1191,قاسط,Male
1192,قاسم,Male
1193,قاصد,Male
1194,قاطن,Male
1195,قانت,Male
1196,قانع,Male
1197,قاني,Male
1198,قاهي,Male
1199,قبولي,Male
1200,قتار,Male
1201,قتبان,Male
1202,قثم,Male
1203,قدير,Male
1204,قذيف,Male
1205,قريب,Male
1206,قرير,Male
1207,قريش,Male
1208,قصام,Male
1209,قصي,Male
1210,قطام,Male
1211,قعقاع,Male
1212,قليب,Male
1213,قميط,Male
1214,قنوان,Male
1215,قنوت,Male
1216,قنوع,Male
1217,قنيع,Male
1218,قوي,Male
1219,قيس,Male
1220,كائن,Male
1221,كاتب,Male
1222,كاتم,Male
1223,كاثر,Male
1224,كارم,Male
1225,كاسب,Male
1226,كاسر,Male
1227,كاشف,Male
1228,كاظم,Male
1229,كاغد,Male
1230,كافي,Male
1231,كامل,Male
1232,كامي,Male
1233,كانز,Male
1234,كانن,Male
1235,كاهل,Male
1236,كايد,Male
1237,كتوم,Male
1238,كثيب,Male
1239,كحيل,Male
1240,كرام,Male
1241,كرز,Male
1242,كرم,Male
1243,كريم,Male
1244,كساب,Male
1245,كسوب,Male
1246,كعب,Male
1247,كفاح,Male
1248,كليم,Male
1249,كميت,Male
1250,كنعان,Male
1251,كنين,Male
1252,كهل,Male
1253,كهلان,Male
1254,كوثر,Male
1255,كيداد,Male
1256,لؤي,Male
1257,لاحظ,Male
1258,لاحق,Male
1259,لالا,Male
1260,لامة,Male
1261,لامح,Male
1262,لامس,Male
1263,لامع,Male
1264,لاهز,Male
1265,لايق,Male
1266,لباب,Male
1267,لبوان,Male
1268,لبيب,Male
1269,لبيد,Male
1270,لجين,Male
1271,لطافة,Male
1272,لطفي,Male
1273,لطوف,Male
1274,لطيف,Male
1275,لقيط,Male
1276,لماح,Male
1277,لميع,Male
1278,لهيف,Male
1279,لهيم,Male
1280,لواء,Male
1281,لوط,Male
1282,ليث,Male
1283,ليثي,Male
1284,مائد,Male
1285,ماثد,Male
1286,ماجد,Male
1287,مادح,Male
1288,مادن,Male
1289,مارد,Male
1290,مارن,Male
1291,مازن,Male
1292,ماهي,Male
1293,مايز,Male
1294,مبادر,Male
1295,مبارز,Male
1296,مبارك,Male
1297,مباشر,Male
1298,مباهي,Male
1299,مبتغي,Male
1300,مبتهج,Male
1301,مبجل,Male
1302,مبرور,Male
1303,مبروك,Male
1304,مبسوط,Male
1305,مبشر,Male
1306,مبين,Male
1307,متبسل,Male
1308,متحد,Male
1309,متروك,Male
1310,متعب,Male
1311,متمم,Male
1312,متوكل,Male
1313,متين,Male
1314,مثبت,Male
1315,مثلج,Male
1316,مجاهد,Male
1317,مجتبى,Male
1318,مجير,Male
1319,محمد,Male
1320,محمود,Male
1321,مخبر,Male
1322,مختار,Male
1323,مخدوم,Male
1324,مخزوم,Male
1325,مخلد,Male
1326,مران,Male
1327,مرتد,Male
1328,مرجان,Male
1329,مرداس,Male
1330,نائل,Male
1331,نابغ,Male
1332,نابغة,Male
1333,ناجح,Male
1334,ناجي,Male
1335,نادر,Male
1336,ناشد,Male
1337,ناصح,Male
1338,ناصر,Male
1339,ناظر,Male
1340,ناظم,Male
1341,نافل,Male
1342,نامق,Male
1343,ناهض,Male
1344,نايف,Male
1345,نبهان,Male
1346,نبيل,Male
1347,نبيه,Male
1348,نجاتي,Male
1349,نجل,Male
1350,نجم,Male
1351,نجيب,Male
1352,نجيبالدين,Male
1353,نجيع,Male
1354,نديم,Male
1355,نذير,Male
1356,نزار,Male
1357,نزيه,Male
1358,نسر,Male
1359,نسيب,Male
1360,نسيم,Male
1361,نشمي,Male
1362,نصار,Male
1363,نصر,Male
1364,نصرالدين,Male
1365,نصيب,Male
1366,نصيرالدين,Male
1367,نضال,Male
1368,نضر,Male
1369,نظام,Male
1370,نعمان,Male
1371,نعمةالله,Male
1372,نعيم,Male
1373,نعيمالدين,Male
1374,نفوذ,Male
1375,نفيس,Male
1376,نفيع,Male
1377,نقاء,Male
1378,نمر,Male
1379,نمير,Male
1380,نهاد,Male
1381,نواف,Male
1382,نوح,Male
1383,نور,Male
1384,نور,Male
1385,نورالحق,Male
1386,نورالدين,Male
1387,نورالله,Male
1388,نوران,Male
1389,نوفل,Male
1390,نيزك,Male
1391,هائل,Male
1392,هائم,Male
1393,هاجد,Male
1394,هارون,Male
1395,هرماس,Male
1396,هصور,Male
1397,هلاب,Male
1398,هماس,Male
1399,همام,Male
1400,هواس,Male
1401,هوام,Male
1402,هيصر,Male
1403,هيصم,Male
1404,هيمان,Male
1405,وابل,Male
1406,واجد,Male
1407,وادع,Male
1408,وارع,Male
1409,وارف,Male
1410,واكف,Male
1411,وجيه,Male
1412,ورد,Male
1413,وردان,Male
1414,وسيم,Male
1415,وليف,Male
1416,يافع,Male
1417,يامن,Male
1418,يانع,Male
1419,يحيى,Male
1420,يقظان,Male
1421,يمان,Male
1422,ينيع,Male
1423,?????,
1424,?????,
0,آداب,Female
1,آسية,Female
2,آلاء,Female
3,آمال,Female
4,الآيات,Female
5,إباء,Female
6,إبتكار,Female
7,إبتهال,Female
8,إتفاق,Female
9,إجلال,Female
10,إحتفاظ,Female
11,إخلاص,Female
12,إدراك,Female
13,أذينة,Female
14,أرب,Female
15,أرزة,Female
16,ارتياد,Female
17,أرواح,Female
18,أزاهير,Female
19,أزهار,Female
20,أسرار,Female
21,أسما,Female
22,أسوة,Female
23,أشواق,Female
24,اصطلاح,Female
25,أصيلة,Female
26,أضواء,Female
27,اعتماد,Female
28,إعجاز,Female
29,أعناب,Female
30,إغراء,Female
31,إفتخار,Female
32,أفراح,Female
33,أفكار,Female
34,إقبال,Female
35,إكتمال,Female
36,ألى,Female
37,ألغاز,Female
38,أماثل,Female
39,إمامة,Female
40,أماني,Female
41,إمتلاك,Female
42,أمل,Female
43,أمنية,Female
44,أميرة,Female
45,أمنية,Female
46,انتصار,Female
47,انسجام,Female
48,إنصاف,Female
49,إنعام,Female
50,أنهار,Female
51,أنوف,Female
52,اهتمام,Female
53,إيمان,Female
54,آسة,Female
55,آصال,Female
56,آمال,Female
57,آمنة,Female
58,آية,Female
59,إبتسام,Female
60,إبتهاج,Female
61,أبية,Female
62,إجتهاد,Female
63,إحتشام,Female
64,أحلام,Female
65,أدب,Female
66,أدبية,Female
67,إرادة,Female
68,إرتقاء,Female
69,إرتداء,Female
70,أريبة,Female
71,إزار,Female
72,ازدهار,Female
73,إسراء,Female
74,أسمى,Female
75,أسمهان,Female
76,إشراف,Female
77,أصالة,Female
78,إصلاح,Female
79,أضاليا,Female
80,اعتدال,Female
81,اعتقاد,Female
82,إعزاز,Female
83,إغاثة,Female
84,إفتتان,Female
85,إفتكار,Female
86,إفضال,Female
87,أفنان,Female
88,إقتدار,Female
89,إكرام,Female
90,الطاف,Female
91,أُلفت,Female
92,أمارة,Female
93,أمان,Female
94,امتثال,Female
95,إمتنان,Female
96,أملي,Female
97,أمواج,Female
98,أميمة,Female
99,أميّة,Female
100,انتصاف,Female
101,انشراح,Female
102,إنطلاق,Female
103,أنماء,Female
104,أنوار,Female
105,أنيسة,Female
106,أوراد,Female
107,إيناس,Female
108,اداب,Female
109,اسية,Female
110,الاء,Female
111,امال,Female
112,الآيات,Female
113,اباء,Female
114,ابتكار,Female
115,ابتهال,Female
116,اتفاق,Female
117,اجلال,Female
118,احتفاظ,Female
119,اخلاص,Female
120,ادراك,Female
121,اذينة,Female
122,ارب,Female
123,ارزة,Female
124,ارتياد,Female
125,ارواح,Female
126,ازاهير,Female
127,ازهار,Female
128,اسرار,Female
129,اسما,Female
130,اسوة,Female
131,اشواق,Female
132,اصطلاح,Female
133,اصيلة,Female
134,اضواء,Female
135,اعتماد,Female
136,اعجاز,Female
137,اعناب,Female
138,اغراء,Female
139,افتخار,Female
140,افراح,Female
141,افكار,Female
142,اقبال,Female
143,اكتمال,Female
144,الى,Female
145,الغاز,Female
146,اماثل,Female
147,امامة,Female
148,اماني,Female
149,امتلاك,Female
150,امل,Female
151,امنية,Female
152,اميرة,Female
153,امنية,Female
154,انتصار,Female
155,انسجام,Female
156,انصاف,Female
157,انعام,Female
158,انهار,Female
159,انوف,Female
160,اهتمام,Female
161,ايمان,Female
162,اسة,Female
163,اصال,Female
164,امال,Female
165,امنة,Female
166,اية,Female
167,ابتسام,Female
168,ابتهاج,Female
169,ابية,Female
170,اجتهاد,Female
171,احتشام,Female
172,احلام,Female
173,ادب,Female
174,ادبية,Female
175,ارادة,Female
176,ارتقاء,Female
177,ارتداء,Female
178,اريبة,Female
179,ازار,Female
180,ازدهار,Female
181,اسراء,Female
182,اسمى,Female
183,اسمهان,Female
184,اشراف,Female
185,اصالة,Female
186,اصلاح,Female
187,اضاليا,Female
188,اعتدال,Female
189,اعتقاد,Female
190,اعزاز,Female
191,اغاثة,Female
192,افتتان,Female
193,افتكار,Female
194,افضال,Female
195,افنان,Female
196,اقتدار,Female
197,اكرام,Female
198,الطاف,Female
199,اُلفت,Female
200,امارة,Female
201,امان,Female
202,امتثال,Female
203,امتنان,Female
204,املي,Female
205,امواج,Female
206,اميمة,Female
207,اميّة,Female
208,انتصاف,Female
209,انشراح,Female
210,انطلاق,Female
211,انماء,Female
212,انوار,Female
213,انيسة,Female
214,اوراد,Female
215,ايناس,Female
216,بادية,Female
217,باذلة,Female
218,بارقة,Female
219,بازخة,Female
220,باسطة,Female
221,باسلة,Female
222,بانية,Female
223,بتول,Female
224,بثينة,Female
225,بجاء,Female
226,بحبوحة,Female
227,بحيرة,Female
228,بداعة,Female
229,بدر,Female
230,بدرة,Female
231,بداعة,Female
232,بدوية,Female
233,بديهة,Female
234,برزاخ,Female
235,براقة,Female
236,برشاء,Female
237,بَرَكَة,Female
238,برهة,Female
239,برلنتي,Female
240,بريئة,Female
241,بريهة,Female
242,بسّامة,Female
243,بسمة,Female
244,بشاشة,Female
245,بشوش,Female
246,بشيرة,Female
247,بعثية,Female
248,بغية,Female
249,بقية,Female
250,بلال,Female
251,بلقيس,Female
252,بنانة,Female
253,بهار,Female
254,بهان,Female
255,بهيجة,Female
256,بوران,Female
257,بيداء,Female
258,بيّنة,Female
259,باحثة,Female
260,باذخة,Female
261,بارعة,Female
262,بارهة,Female
263,بازغة,Female
264,باسقة,Female
265,باسمة,Female
266,باهرة,Female
267,بتلاء,Female
268,بثينة,Female
269,بجيلة,Female
270,بحرة,Female
271,بدائع,Female
272,بداهة,Female
273,الدجى,Female
274,بدرية,Female
275,بدور,Female
276,بديعة,Female
277,براءة,Female
278,براعة,Female
279,بردة,Female
280,برزة,Female
281,بِركة,Female
282,برة,Female
283,برواز,Female
284,بريكة,Female
285,بزيعة,Female
286,بسماء,Female
287,بسوس,Female
288,بشرى,Female
289,بشرى,Female
290,بصيرة,Female
291,بغام,Female
292,بقاء,Female
293,بلاغت,Female
294,بلبلة,Female
295,بليغة,Female
296,بنفسج,Female
297,بهاجت,Female
298,بهجة,Female
299,بهية,Female
300,بيان,Female
301,بيسان,Female
302,تالدة,Female
303,تاله,Female
304,تامّة,Female
305,تبيان,Female
306,تحبب,Female
307,تحييد,Female
308,تذكار,Female
309,ترجمانة,Female
310,تسامح,Female
311,تشريف,Female
312,تغريد,Female
313,تفضيل,Female
314,تقاء,Female
315,تلال,Female
316,تلة,Female
317,تليدة,Female
318,تماضر,Female
319,تمرة,Female
320,تنسيم,Female
321,تهاني,Female
322,تهيئة,Female
323,توتة,Female
324,تودد,Female
325,توفيقة,Female
326,تيماء,Female
327,تاجية,Female
328,تامرة,Female
329,تبر,Female
330,تجويد,Female
331,تحفة,Female
332,تحية,Female
333,ترتيل,Female
334,ترف,Female
335,تسنيم,Female
336,تعطف,Female
337,تفاحة,Female
338,تفيدة,Female
339,تقية,Female
340,تلطيف,Female
341,تلجة,Female
342,تمارة,Female
343,تمام,Female
344,تميمة,Female
345,تهامة,Female
346,تهنيد,Female
347,توبة,Female
348,توحيدة,Female
349,توسل,Female
350,تيجان,Female
351,ثابرة,Female
352,ثبات,Female
353,ثراء,Female
354,ثرا,Female
355,ثقة,Female
356,ثمراء,Female
357,ثمرة,Female
358,ثمية,Female
359,ثواب,Female
360,ثولة,Female
361,ثابتة,Female
362,ثائرة,Female
363,ثباتة,Female
364,ثرمدة,Female
365,ثقاف,Female
366,ثمار,Female
367,ثمرات,Female
368,ثمينة,Female
369,ثناء,Female
370,ثوبية,Female
371,ثومة,Female
372,جابرة,Female
373,جازية,Female
374,جاسرة,Female
375,جامعة,Female
376,جداول,Female
377,جدول,Female
378,جذوة,Female
379,جرأة,Female
380,جريئة,Female
381,جفنة,Female
382,جلالة,Female
383,جليلة,Female
384,جمالات,Female
385,جمانة,Female
386,جملات,Female
387,جنات,Female
388,جهاد,Female
389,جهيدي,Female
390,جهينة,Female
391,جهيزة,Female
392,جواهر,Female
393,جودة,Female
394,جوزاء,Female
395,جوزة,Female
396,جويرية,Female
397,جيداء,Female
398,جيلان,Female
399,جائزة,Female
400,جاذبة,Female
401,جازمة,Female
402,جاسمة,Female
403,جاهدة,Female
404,جدوى,Female
405,جذابة,Female
406,جراءة,Female
407,جرداء,Female
408,جزيلة,Female
409,جلاء,Female
410,جلنار,Female
411,جمال,Female
412,جمان,Female
413,جمرة,Female
414,جميلة,Female
415,جنان,Female
416,جهام,Female
417,جهيدة,Female
418,جهيرة,Female
419,جوائز,Female
420,جوداء,Female
421,جورية,Female
422,جوزات,Female
423,جوهرة,Female
424,جياد,Female
425,جيدا,Female
426,جيهان,Female
427,حادبة,Female
428,حازمة,Female
429,حاشدة,Female
430,حاضرة,Female
431,حافظة,Female
432,جالمة,Female
433,حبابة,Female
434,حبور,Female
435,حجلى,Female
436,حُسن,Female
437,حسناء,Female
438,حسينة,Female
439,حشماء,Female
440,حشود,Female
441,حصانة,Female
442,حصيفة,Female
443,حظوظ,Female
444,حفصة,Female
445,حفية,Female
446,حكاية,Female
447,حلا,Female
448,حلاوة,Female
449,حلوم,Female
450,حليمة,Female
451,حمامة,Female
452,حميدة,Female
453,حمية,Female
454,حنوف,Female
455,حنيفة,Female
456,حورية,Female
457,حياة,Female
458,حاتمة,Female
459,حادية,Female
460,حاسبة,Female
461,حاصنة,Female
462,حاضنة,Female
463,حاكمة,Female
464,حامدة,Female
465,حبقة,Female
466,حبيبة,Female
467,حدبا,Female
468,حسنى,Female
469,حسنة,Female
470,حسيبة,Female
471,حشمة,Female
472,حَصان,Female
473,حصة,Female
474,حصينة,Female
475,حفانة,Female
476,حفيظة,Female
477,حكايات,Female
478,حكيمة,Female
479,حلال,Female
480,حليمة,Female
481,حلو,Female
482,حليلة,Female
483,حمدة,Female
484,حميمة,Female
485,حنان,Female
486,حُنون,Female
487,حنية,Female
488,حياء,Female
489,حياتي,Female
490,خازمة,Female
491,خاشعة,Female
492,خاضعة,Female
493,خالدية,Female
494,خبيرة,Female
495,خجول,Female
496,خديجة,Female
497,خزانة,Female
498,خزيمي,Female
499,خصيبة,Female
500,خضرا,Female
501,خفر,Female
502,خلابة,Female
503,خليلة,Female
504,خمر,Female
505,خنساء,Female
506,خوخة,Female
507,خيار,Female
508,خيرة,Female
509,خيزران,Female
510,خاتمة,Female
511,خازنة,Female
512,خاشية,Female
513,خاطرة,Female
514,خالصة,Female
515,ختام,Female
516,خدوج,Female
517,خزامى,Female
518,خزنة,Female
519,خصاب,Female
520,خضاب,Female
521,خضرة,Female
522,خفيرة,Female
523,خلود,Female
524,خمائل,Female
525,خميلة,Female
526,خواطر,Female
527,خولة,Female
528,خيرات,Female
529,خيرية,Female
530,داجنة,Female
531,جارية,Female
532,دافئة,Female
533,دامالسرور,Female
534,دامالعز,Female
535,دانية,Female
536,دجى,Female
537,درداء,Female
538,درماء,Female
539,درر,Female
540,دعابة,Female
541,دعد,Female
542,دقيقة,Female
543,دلع,Female
544,دليلة,Female
545,دمية,Female
546,دنيا,Female
547,دؤوب,Female
548,دولت,Female
549,ديمة,Female
550,دائبة,Female
551,دارجة,Female
552,داعية,Female
553,دافعة,Female
554,دامالهنا,Female
555,دثار,Female
556,دجانة,Female
557,درقاء,Female
558,درة,Female
559,درية,Female
560,دعجاء,Female
561,دفاع,Female
562,دلاعة,Female
563,دلوعة,Female
564,دمثاء,Female
565,دنانير,Female
566,دُهيما,Female
567,دوحة,Female
568,ديانة,Female
569,دينة,Female
570,ذائعة,Female
571,ذاخرة,Female
572,ذاكية,Female
573,ذراع,Female
574,ذُكاء,Female
575,ذكرى,Female
576,ذلفا,Female
577,ذمة,Female
578,ذائدة,Female
579,ذائعة,Female
580,ذاكرة,Female
581,ذرى,Female
582,ذروة,Female
583,ذَكاء,Female
584,ذكية,Female
585,ذمام,Female
586,ذهنية,Female
587,رائدة,Female
588,رائعة,Female
589,رابعة,Female
590,راتبة,Female
591,راجحة,Female
592,راحبة,Female
593,رادة,Female
594,رادفة,Female
595,رازنة,Female
596,راسخة,Female
597,راشدة,Female
598,راعية,Female
599,راغدة,Female
600,رافعة,Female
601,رافعة,Female
602,رامزة,Female
603,رانية,Female
604,راوية,Female
605,راية,Female
606,رباب,Female
607,ربحية,Female
608,ربعة,Female
609,رتيبة,Female
610,رحاب,Female
611,رحمة,Female
612,رُخاء,Female
613,رخيمة,Female
614,رُدينة,Female
615,رزان,Female
616,رسمية,Female
617,رشا,Female
618,رشدية,Female
619,رشيقة,Female
620,رصينة,Female
621,رضاب,Female
622,رُطب,Female
623,رعاية,Female
624,رغباء,Female
625,رغداء,Female
626,رغيدة,Female
627,رفاه,Female
628,رفعة,Female
629,رفيقة,Female
630,رُلى,Female
631,رمثة,Female
632,رمزية,Female
633,رمضاء,Female
634,رنيم,Female
635,رهان,Female
636,رهيفة,Female
637,رِوى,Female
638,رواية,Female
639,روضة,Female
640,رويدا,Female
641,روية,Female
642,رياض,Female
643,ريحانة,Female
644,ريعة,Female
645,ريما,Female
646,ريا,Female
647,رية,Female
648,رؤى,Female
649,رئال,Female
650,رابحة,Female
651,رابية,Female
652,راتعة,Female
653,راجية,Female
654,راحمة,Female
655,رادعة,Female
656,رازقية,Female
657,رازية,Female
658,راسمة,Female
659,راضية,Female
660,راغبة,Female
661,رافدة,Female
662,رافلة,Female
663,راقية,Female
664,رامشة,Female
665,راهبة,Female
666,رايات,Female
667,رُبى,Female
668,رُبانة,Female
669,رباء,Female
670,ربيعة,Female
671,رجاء,Female
672,رحبة,Female
673,رحيمة,Female
674,رَخاء,Female
675,رداح,Female
676,رذاذ,Female
677,رسالة,Female
678,رسيمة,Female
679,رشدة,Female
680,رشيدة,Female
681,رصان,Female
682,رضا,Female
683,رضية,Female
684,رطيبة,Female
685,رغاب,Female
686,رغبة,Female
687,رغدة,Female
688,رفا,Female
689,رفيدة,Female
690,رفيعة,Female
691,رقيقة,Female
692,رمانة,Female
693,رمزة,Female
694,رنا,Female
695,رندة,Female
696,رهاب,Female
697,رهوة,Female
698,رُهيفة,Female
699,رواء,Female
700,رؤبة,Female
701,روعة,Female
702,رؤوم,Female
703,ريادة,Female
704,ريحان,Female
705,رَيدة,Female
706,ريم,Female
707,رَينة,Female
708,ريانة,Female
709,زاهرة,Female
710,زاهية,Female
711,زبرجد,Female
712,زرافة,Female
713,زغاريد,Female
714,زكية,Female
715,زُلفى,Female
716,زلوف,Female
717,زمرد,Female
718,زمزم,Female
719,زنبقة,Female
720,زَها,Female
721,زَهادة,Female
722,زهدية,Female
723,زهر,Female
724,زهرى,Female
725,زهيدة,Female
726,زهية,Female
727,زينب,Female
728,زينة,Female
729,زيان,Female
730,زاهدة,Female
731,زاهلة,Female
732,زَبّاء,Female
733,زبيدة,Female
734,زعيمة,Female
735,زكاء,Female
736,زلخا,Female
737,زلما,Female
738,زليخة,Female
739,زمردة,Female
740,زئبق,Female
741,زنوبيا,Female
742,زُها,Female
743,زهدانة,Female
744,زهراء,Female
745,الهوى,Female
746,زهور,Female
747,زُهيرة,Female
748,زيزفونة,Female
749,زينات,Female
750,زيان,Female
751,سابغة,Female
752,ساجدة,Female
753,ساحرة,Female
754,سارة,Female
755,ساعدة,Female
756,سافرة,Female
757,سالفة,Female
758,سالية,Female
759,سامرة,Female
760,سامية,Female
761,سبى,Female
762,سجوا,Female
763,سحاب,Female
764,سَحَر,Female
765,سخاء,Female
766,سَدى,Female
767,سريرة,Female
768,سِريَّة,Female
769,سعادات,Female
770,سعيدة,Female
771,سكر,Female
772,سُكَّرة,Female
773,سكينة,Female
774,سُلافة,Female
775,سلطانة,Female
776,سلّامة,Female
777,سلوى,Female
778,سَلوة,Female
779,سليمة,Female
780,سماح,Female
781,سمحة,Female
782,سميحة,Female
783,سميعة,Female
784,سُميّة,Female
785,سُميا,Female
786,سنا,Female
787,سناء,Female
788,سُهاد,Female
789,سُهيرة,Female
790,سُوسان,Female
791,سيسبان,Female
792,سيفانة,Female
793,سابقة,Female
794,ساترة,Female
795,ساجية,Female
796,ساحقة,Female
797,ساطعة,Female
798,ساعفة,Female
799,ساقية,Female
800,سالمة,Female
801,سامحة,Female
802,سامعة,Female
803,سانحة,Female
804,سجايا,Female
805,سجية,Female
806,سحابة,Female
807,سحيرة,Female
808,سخية,Female
809,سروة,Female
810,سريعة,Female
811,سعاد,Female
812,سَعفة,Female
813,سفارج,Female
814,سُكر,Female
815,سُكّرية,Female
816,سلافى,Female
817,سلامة,Female
818,سُلفة,Female
819,سلمى,Female
820,سلوانة,Female
821,سُليمى,Female
822,سما,Female
823,سماهر,Female
824,سَمَر,Female
825,سميرة,Female
826,سُميا,Female
827,سنى,Female
828,سهى,Female
829,سُهَير,Female
830,سُهيلة,Female
831,سَوسن,Female
832,سيسبانة,Female
833,سيماء,Female
834,شادية,Female
835,شارحة,Female
836,شافية,Female
837,شامخة,Female
838,شاهدة,Female
839,شاهقة,Female
840,شبك,Female
841,شدا,Female
842,شِراع,Female
843,شُرف,Female
844,شريفة,Female
845,شعلة,Female
846,شِفا,Female
847,شفيعة,Female
848,شكرانة,Female
849,شكيمة,Female
850,شماء,Female
851,شمردل,Female
852,شمسة,Female
853,شمِول,Female
854,شهامة,Female
855,شهدة,Female
856,شهيدة,Female
857,شهلا,Female
858,شهيمة,Female
859,شوقية,Female
860,شيماء,Female
861,شادن,Female
862,شاذية,Female
863,شارفة,Female
864,شاكرة,Female
865,شاملة,Female
866,شاهرة,Female
867,شبا,Female
868,شجية,Female
869,شذا,Female
870,شَرف,Female
871,شريعة,Female
872,شعاع,Female
873,شغلى,Female
874,شفعة,Female
875,شكران,Female
876,شكرية,Female
877,شلبية,Female
878,شمائل,Female
879,شمس,Female
880,شمعة,Female
881,شِهادة,Female
882,شهبا,Female
883,شَهربة,Female
884,شهيرة,Female
885,شهية,Female
886,شوق,Female
887,شيحة,Female
888,صائمة,Female
889,صابرة,Female
890,صاعدة,Female
891,صالحة,Female
892,صَبَا,Female
893,صبح,Female
894,صباحة,Female
895,صبحا,Female
896,صبرية,Female
897,صبور,Female
898,صحا,Female
899,صدوق,Female
900,صديقة,Female
901,صفا,Female
902,صفية,Female
903,صوى,Female
904,صيران,Female
905,صائبة,Female
906,صابحة,Female
907,صادقة,Female
908,صافية,Female
909,صبا,Female
910,صِبا,Female
911,صباح,Female
912,صبحَى,Female
913,صبحية,Female
914,صبوح,Female
915,صبيحة,Female
916,صحوة,Female
917,صديقة,Female
918,صراط,Female
919,صفوة,Female
920,صهبا,Female
921,صولة,Female
922,ضارعة,Female
923,ضامنة,Female
924,ضُحى,Female
925,ضحوك,Female
926,ضميمة,Female
927,ضيفة,Female
928,ضاحكة,Female
929,ضامرة,Female
930,ضاوية,Female
931,ضحوة,Female
932,ضرام,Female
933,ضياء,Female
934,طافية,Female
935,طامحة,Female
936,طرفاء,Female
937,طريفة,Female
938,طلى,Female
939,طلاب,Female
940,طلحة,Female
941,طهور,Female
942,طيوب,Female
943,طائعة,Female
944,طالبة,Female
945,طاهرة,Female
946,طروب,Female
947,طفلة,Female
948,طلا,Female
949,طلاوة,Female
950,طليحة,Female
951,طيبة,Female
952,ظاعنة,Female
953,ظبى,Female
954,ظبية,Female
955,ظُروف,Female
956,ظعينة,Female
957,ظفر,Female
958,ظلال,Female
959,ظهرية,Female
960,ظهيرة,Female
961,ظافرة,Female
962,ظاهرة,Female
963,ظَبا,Female
964,ظروف,Female
965,ظريفة,Female
966,ظِفار,Female
967,ظفرة,Female
968,ظليلة,Female
969,ظهور,Female
970,ظواهر,Female
971,عائشة,Female
972,عابرة,Female
973,عارفة,Female
974,عاطرة,Female
975,عاقلة,Female
976,عالمة,Female
977,عامرة,Female
978,عاهدة,Female
979,عبلا,Female
980,عبيدة,Female
981,عتاب,Female
982,عَدلية,Female
983,عديلة,Female
984,عرنة,Female
985,عروبة,Female
986,عرينة,Female
987,عزة,Female
988,عزمات,Female
989,عزيزة,Female
990,عصافير,Female
991,عصمة,Female
992,عطايا,Female
993,عطفة,Female
994,عطوف,Female
995,عطيَّة,Female
996,عفاف,Female
997,عفراء,Female
998,علالة,Female
999,علاّمة,Female
1000,علياء,Female
1001,علية,Female
1002,عمشا,Female
1003,عمرة,Female
1004,عِناس,Female
1005,عنبرة,Female
1006,عناية,Female
1007,عندلة,Female
1008,عنم,Female
1009,عُنابة,Female
1010,عنوة,Female
1011,عواطف,Female
1012,عين,Female
1013,عيناليقين,Female
1014,عَيوف,Female
1015,عائدة,Female
1016,عابدة,Female
1017,عاتكة,Female
1018,عاصمة,Female
1019,عاطفة,Female
1020,عاكنة,Female
1021,عالية,Female
1022,عاملة,Female
1023,عُبرة,Female
1024,عبلة,Female
1025,عبير,Female
1026,عدلة,Female
1027,عدوة,Female
1028,عذبة,Female
1029,عروب,Female
1030,عروبة,Female
1031,عروة,Female
1032,عُزّى,Female
1033,عِزة,Female
1034,عزمة,Female
1035,عشيرة,Female
1036,عصفورة,Female
1037,عطاف,Female
1038,عطرية,Female
1039,عطوة,Female
1040,عطيات,Female
1041,عفا,Female
1042,عقيلة,Female
1043,علامة,Female
1044,علوة,Female
1045,عليا,Female
1046,عمامة,Female
1047,عمشة,Female
1048,عنادل,Female
1049,عَنبر,Female
1050,عنايات,Female
1051,عِنَب,Female
1052,عندليب,Female
1053,عُناب,Female
1054,عنيزة,Female
1055,عهد,Female
1056,عهود,Female
1057,عيشة,Female
1058,الحياة,Female
1059,عَيوش,Female
1060,عيينة,Female
1061,غارسة,Female
1062,غالبة,Female
1063,غانية,Female
1064,غِرار,Female
1065,غرام,Female
1066,غرسة,Female
1067,غزل,Female
1068,عزوة,Female
1069,غفران,Female
1070,غلامة,Female
1071,غلواء,Female
1072,غناء,Female
1073,غُنوة,Female
1074,غنية,Female
1075,غيثاء,Female
1076,غيد,Female
1077,غيسانة,Female
1078,غادة,Female
1079,غازية,Female
1080,غالية,Female
1081,غاية,Female
1082,غراس,Female
1083,غرة,Female
1084,غزالة,Female
1085,غزلان,Female
1086,غطْفا,Female
1087,غلا,Female
1088,غلفا,Female
1089,غنى,Female
1090,غندورة,Female
1091,غنيمة,Female
1092,غورة,Female
1093,غياثة,Female
1094,غيداء,Female
1095,فؤادي,Female
1096,فائقة,Female
1097,فاتن,Female
1098,فاخرة,Female
1099,فارزة,Female
1100,فارهة,Female
1101,فاطمة,Female
1102,فاكهة,Female
1103,فاهمة,Female
1104,فايدة,Female
1105,فتاحة,Female
1106,فتنة,Female
1107,فتية,Female
1108,فخار,Female
1109,فخرية,Female
1110,فدوى,Female
1111,فراست,Female
1112,فرح,Female
1113,فَرْحانة,Female
1114,فردوس,Female
1115,فريال,Female
1116,فريدة,Female
1117,فريعة,Female
1118,فصيحة,Female
1119,فِضَّة,Female
1120,فطانة,Female
1121,فطنة,Female
1122,فطيمة,Female
1123,فكرة,Female
1124,فَلَك,Female
1125,فلفلة,Female
1126,فنن,Female
1127,فهيمة,Female
1128,فوزة,Female
1129,فوقية,Female
1130,فيَّادة,Female
1131,فائدة,Female
1132,فائزة,Female
1133,فاتكة,Female
1134,فاتنة,Female
1135,فادية,Female
1136,فارعة,Female
1137,فاضلة,Female
1138,فاطم,Female
1139,فالحة,Female
1140,فايقة,Female
1141,فتاة,Female
1142,فَتْحية,Female
1143,فتنات,Female
1144,فجر,Female
1145,فخامت,Female
1146,فدى,Female
1147,فُرات,Female
1148,فُرجة,Female
1149,فَرْحى,Female
1150,فرحة,Female
1151,فَرَّاجة,Female
1152,فريحة,Female
1153,فريزة,Female
1154,فصاحة,Female
1155,فضالة,Female
1156,فضيلة,Female
1157,فطمة,Female
1158,فطوم,Female
1159,فطينة,Female
1160,فِكرية,Female
1161,فُلة,Female
1162,فَلَك,Female
1163,فهدة,Female
1164,فوز,Female
1165,فوزية,Female
1166,فيروز,Female
1167,قابلة,Female
1168,قادرة,Female
1169,قانتة,Female
1170,قدسية,Female
1171,قريرة,Female
1172,قسيمة,Female
1173,قطام,Female
1174,قمر,Female
1175,فائدة,Female
1176,قادرة,Female
1177,قادرية,Female
1178,قبساء,Female
1179,قدوة,Female
1180,قِسمة,Female
1181,قطاف,Female
1182,قطيفة,Female
1183,قُمْريّة,Female
1184,كائنة,Female
1185,كاتمة,Female
1186,كاظمة,Female
1187,كاملة,Female
1188,كتمان,Female
1189,كتماء,Female
1190,كرام,Female
1191,كرم,Female
1192,كردان,Female
1193,كفا,Female
1194,كلثوم,Female
1195,كناري,Female
1196,كُهيلة,Female
1197,كوثر,Female
1198,كيان,Female
1199,كاتبة,Female
1200,كاسبة,Female
1201,كافلة,Female
1202,كامية,Female
1203,كتوم,Female
1204,كحيلا,Female
1205,كرامة,Female
1206,كرمة,Female
1207,كريمة,Female
1208,كفاح,Female
1209,كنار,Female
1210,كنانة,Female
1211,كواكب,Female
1212,كوكب,Female
1213,لائمة,Female
1214,لامة,Female
1215,لُباب,Female
1216,لبلبة,Female
1217,لبوة,Female
1218,لحظة,Female
1219,لطائف,Female
1220,لطوف,Female
1221,لطيفة,Female
1222,لمحة,Female
1223,لمعان,Female
1224,لميا,Female
1225,لميس,Female
1226,لِوا,Female
1227,لوزات,Female
1228,لوعة,Female
1229,لونة,Female
1230,لويزة,Female
1231,ليسا,Female
1232,لينة,Female
1233,لآلئ,Female
1234,لابة,Female
1235,لامعة,Female
1236,لُبانة,Female
1237,لبنى,Female
1238,لبيبة,Female
1239,لذيذة,Female
1240,لطافة,Female
1241,لُطفية,Female
1242,لمى,Female
1243,لمسة,Female
1244,لمعة,Female
1245,لمياء,Female
1246,لنا,Female
1247,لواحظ,Female
1248,لوزة,Female
1249,لؤلؤة,Female
1250,لوامة,Female
1251,ليثاء,Female
1252,ليلى,Female
1253,ليا,Female
1254,مآثر,Female
1255,مأثورة,Female
1256,مادحة,Female
1257,مازية,Female
1258,ماضية,Female
1259,مأمونة,Female
1260,ماهرة,Female
1261,مثال,Female
1262,مبرة,Female
1263,مجتبى,Female
1264,محبوبة,Female
1265,محسنة,Female
1266,محمودة,Female
1267,مخلصة,Female
1268,مرادة,Female
1269,مرادى,Female
1270,مرجانة,Female
1271,مرحى,Female
1272,مرانة,Female
1273,مرح,Female
1274,مرشدة,Female
1275,مرفت,Female
1276,مرنان,Female
1277,مروءة,Female
1278,مريم,Female
1279,مزدهى,Female
1280,مزيدة,Female
1281,مزية,Female
1282,مستنار,Female
1283,مُسيّرة,Female
1284,مسرورة,Female
1285,مسيْكة,Female
1286,مشكاة,Female
1287,مشمشة,Female
1288,مضيئة,Female
1289,مطيعة,Female
1290,معاني,Female
1291,مُعَزّز,Female
1292,مُعينة,Female
1293,مفضلة,Female
1294,مفيدة,Female
1295,مقبولة,Female
1296,مقُدَّسة,Female
1297,مكارم,Female
1298,مكية,Female
1299,مَلاذ,Female
1300,ملاك,Female
1301,ملك,Female
1302,مليحة,Female
1303,ممتازة,Female
1304,مميز,Female
1305,منار,Female
1306,مناف,Female
1307,منتزه,Female
1308,منشدة,Female
1309,منصورة,Female
1310,منهج,Female
1311,منيعة,Female
1312,منيفة,Female
1313,مهجة,Female
1314,مهيبة,Female
1315,موافية,Female
1316,مودة,Female
1317,موهبة,Female
1318,مي,Female
1319,ميالة,Female
1320,مياسة,Female
1321,ميّة,Female
1322,ميسر,Female
1323,ميسون,Female
1324,مائسة,Female
1325,ماثلة,Female
1326,ماجدة,Female
1327,مازنة,Female
1328,ماسة,Female
1329,مآل,Female
1330,مانعة,Female
1331,مبتغى,Female
1332,مبروكة,Female
1333,مثال,Female
1334,محاسن,Female
1335,محجوبة,Female
1336,محفوظة,Female
1337,مخدومة,Female
1338,مديحة,Female
1339,مرام,Female
1340,مرايا,Female
1341,مرجوة,Female
1342,مرحة,Female
1343,مرجانة,Female
1344,مرزوقة,Female
1345,مرغوبة,Female
1346,مرمر,Female
1347,مرهوبة,Female
1348,مروة,Female
1349,مزايا,Female
1350,مزنة,Female
1351,مزينة,Female
1352,مستعينة,Female
1353,مستهام,Female
1354,مسرة,Female
1355,مسيكة,Female
1356,مشتهى,Female
1357,مشكورة,Female
1358,مشيرة,Female
1359,مطلوبة,Female
1360,مظلومة,Female
1361,معزّة,Female
1362,معزوزة,Female
1363,مغاني,Female
1364,مفلحة,Female
1365,مقبلة,Female
1366,مقدّس,Female
1367,مقصودة,Female
1368,مكرم,Female
1369,ملاب,Female
1370,ملاطف,Female
1371,ملساء,Female
1372,ملكة,Female
1373,مُليكة,Female
1374,ممدوحة,Female
1375,منى,Female
1376,مناصف,Female
1377,مَنال,Female
1378,منثورة,Female
1379,منشودة,Female
1380,منظومة,Female
1381,منيبة,Female
1382,منيرة,Female
1383,مها,Female
1384,مهدية,Female
1385,موافقة,Female
1386,موجودة,Female
1387,موفقة,Female
1388,موهوبة,Female
1389,ميَّا,Female
1390,ميادة,Female
1391,ميسم,Female
1392,ميساء,Female
1393,ميسرة,Female
1394,ميمونة,Female
1395,نائدة,Female
1396,نابغة,Female
1397,ناجحة,Female
1398,نادرة,Female
1399,ناريمان,Female
1400,ناشئة,Female
1401,ناشطة,Female
1402,ناصرة,Female
1403,ناصفة,Female
1404,ناظرة,Female
1405,ناعمة,Female
1406,نافحة,Female
1407,نافعة,Female
1408,نافية,Female
1409,ناهد,Female
1410,ناهضة,Female
1411,ناهلة,Female
1412,نايفة,Female
1413,نباله,Female
1414,نباه,Female
1415,نبلة,Female
1416,نبيلة,Female
1417,نتيجة,Female
1418,نجابة,Female
1419,نجاة,Female
1420,نجلا,Female
1421,نجوى,Female
1422,نجوة,Female
1423,نجيحة,Female
1424,نجيمة,Female
1425,نخوة,Female
1426,نداء,Female
1427,نديدة,Female
1428,ندية,Female
1429,نردين,Female
1430,نزهة,Female
1431,نسار,Female
1432,نسمات,Female
1433,نسيبة,Female
1434,نُسيكة,Female
1435,نشامة,Female
1436,نشوانة,Female
1437,نشيدة,Female
1438,نصيحة,Female
1439,نَضار,Female
1440,نظيمة,Female
1441,نظيفة,Female
1442,نُعمى,Female
1443,نُعمة,Female
1444,نعيمة,Female
1445,نغمة,Female
1446,نفل,Female
1447,نقاوت,Female
1448,نقية,Female
1449,نمرة,Female
1450,نهى,Female
1451,نهاد,Female
1452,نهايت,Female
1453,نهلى,Female
1454,نوار,Female
1455,نوال,Female
1456,نوَر,Female
1457,نورالصباح,Female
1458,نوره,Female
1459,نورية,Female
1460,نوفة,Female
1461,نيروز,Female
1462,نآد,Female
1463,نائلة,Female
1464,ناثرة,Female
1465,ناجية,Female
1466,نادية,Female
1467,نازك,Female
1468,ناشدة,Female
1469,ناصحة,Female
1470,ناصعة,Female
1471,ناضرة,Female
1472,ناظمة,Female
1473,ناغية,Female
1474,نافذة,Female
1475,ناقلة.,Female
1476,نامية,Female
1477,ناهزة,Female
1478,ناهل,Female
1479,ناهية,Female
1480,نبال,Female
1481,نباهة,Female
1482,نبراس,Female
1483,نبوغ,Female
1484,نبيهة,Female
1485,نجا,Female
1486,نجاح,Female
1487,نجاد,Female
1488,نجمة,Female
1489,نجود,Female
1490,نجيبة,Female
1491,نجيدة,Female
1492,نجية,Female
1493,ندى,Female
1494,ندرة,Female
1495,نديمة,Female
1496,نرجس,Female
1497,نزاكة,Female
1498,نزيهة,Female
1499,نسرين,Female
1500,نسمة,Female
1501,نُسَيبة,Female
1502,نُسيمة,Female
1503,نشوى,Female
1504,نشوة,Female
1505,نشيطة,Female
1506,نصيرة,Female
1507,نظام,Female
1508,نظيرة,Female
1509,نَعم,Female
1510,نعمة,Female
1511,نعناعة,Female
1512,نغم,Female
1513,نفحة,Female
1514,نفيسة,Female
1515,نقايا,Female
1516,نمراء,Female
1517,نمساء,Female
1518,نها,Female
1519,نهال,Female
1520,نهفة,Female
1521,نهيدة,Female
1522,نوارة,Female
1523,نور,Female
1524,نورالزمان,Female
1525,نورالهدى,Female
1526,نوره,Female
1527,نوف,Female
1528,نويره,Female
1529,هاتفة,Female
1530,هادية,Female
1531,هاشمة,Female
1532,هامسة,Female
1533,هانية,Female
1534,هتاف,Female
1535,هدى,Female
1536,هدايا,Female
1537,هدبا,Female
1538,هدلا,Female
1539,هدية,Female
1540,هفاف,Female
1541,هلال,Female
1542,همسة,Female
1543,هناة,Female
1544,هنادي,Female
1545,هفوف,Female
1546,هوى,Female
1547,هوايا,Female
1548,هوذة,Female
1549,هويدة,Female
1550,هيام,Female
1551,هيبة,Female
1552,هيفاء,Female
1553,هيمانة,Female
1554,هائلة,Female
1555,هاجر,Female
1556,هازجة,Female
1557,هالة,Female
1558,هامة,Female
1559,هبة,Female
1560,هتوف,Female
1561,هداد,Female
1562,هدايات,Female
1563,هدراء,Female
1564,هدنى,Female
1565,هزار,Female
1566,هلا,Female
1567,همساء,Female
1568,هناء,Female
1569,هنادة,Female
1570,هِند,Female
1571,هنيدة,Female
1572,هوادة,Female
1573,هودة,Female
1574,هونة,Female
1575,هوينا,Female
1576,هيبانة,Female
1577,هيجمانة,Female
1578,هيلمان,Female
1579,وابلة,Female
1580,واجدة,Female
1581,وارفة,Female
1582,واسلة,Female
1583,واصبة,Female
1584,واضحة,Female
1585,وافرة,Female
1586,وجدان,Female
1587,وجُود,Female
1588,وجيزة,Female
1589,وحيدة,Female
1590,وداد,Female
1591,ودود,Female
1592,وديعة,Female
1593,وردية,Female
1594,وسادة,Female
1595,وسام,Female
1596,وسن,Female
1597,وسيلة,Female
1598,وشاح,Female
1599,وصفاء,Female
1600,وصفية,Female
1601,وضاء,Female
1602,وضحة,Female
1603,وطفاء,Female
1604,وفاء,Female
1605,وفاق,Female
1606,وفيرة,Female
1607,وفية,Female
1608,ولادة,Female
1609,ولهى,Female
1610,ولوع,Female
1611,ونية,Female
1612,وهيبة,Female
1613,وئام,Female
1614,واثقة,Female
1615,وادعة,Female
1616,وازعة,Female
1617,واصلة,Female
1618,واصفة,Female
1619,وافدة,Female
1620,والهة,Female
1621,وجدة,Female
1622,وجيدة,Female
1623,وجيهة,Female
1624,وادع,Female
1625,ودادة,Female
1626,وديدة,Female
1627,وردة,Female
1628,ورود,Female
1629,وساطة,Female
1630,وسامة,Female
1631,وسناء,Female
1632,وسيمة,Female
1633,وصال,Female
1634,وصفه,Female
1635,وصيفة,Female
1636,وِضاح,Female
1637,وضوح,Female
1638,وعد,Female
1639,وفادة,Female
1640,وفقيه,Female
1641,وفيقة,Female
1642,ولاء,Female
1643,ولع,Female
1644,ولهانة,Female
1645,ولية,Female
1646,وهاد,Female
1647,وهية,Female
1648,ياسمين,Female
1649,ياقوتة,Female
1650,يامنة,Female
1651,يُسر,Female
1652,يسرى,Female
1653,يقظى,Female
1654,يقظة,Female
1655,يُمن,Female
1656,ياسرة,Female
1657,يافعة,Female
1658,ياممة,Female
1659,يسارة,Female
1660,يُسر,Female
1661,يُسراء,Female
1662,يقظانة,Female
1663,يمامة,Female
1664,يُمنى,Female
